stat_name,mean_value
player_0_total_points,278.94736842105266
player_1_total_points,278.94736842105266
agreement_rate,0.9210526315789473
total_points_over_maximum,0.6973684210526316
round_agreements,[0.9210526315789473]
