stat_name,mean_value
player_0_total_points,264.70588235294116
player_1_total_points,264.70588235294116
agreement_rate,0.9117647058823529
total_points_over_maximum,0.6617647058823529
round_agreements,[0.9117647058823529]
