stat_name,mean_value
player_0_total_points,271.42857142857144
player_1_total_points,271.42857142857144
agreement_rate,0.9142857142857143
total_points_over_maximum,0.6785714285714286
round_agreements,[0.9142857142857143]
