{
    "game_agreement_rate": 0.853658535731707,
    "game_self_points": 131.21951219512195,
    "round_agreements": [
        0.8536585365853658
    ],
    "total_rounds": 1.0,
    "completed_rounds": 0.0
}