{
    "game_agreement_rate": 0.9756097551219505,
    "game_self_points": 151.46341463414635,
    "round_agreements": [
        0.975609756097561
    ],
    "total_rounds": 1.0,
    "completed_rounds": 0.0
}