stat_name,mean_value
player_0_total_points,206.94444444444446
player_1_total_points,206.94444444444446
agreement_rate,0.6944444444444444
total_points_over_maximum,0.5173611111111112
round_agreements,[0.6944444444444444]
