stat_name,mean_value
player_0_total_points,189.47368421052633
player_1_total_points,189.47368421052633
agreement_rate,0.631578947368421
total_points_over_maximum,0.47368421052631576
round_agreements,[0.631578947368421]
