stat_name,mean_value
player_0_total_points,268.42105263157896
player_1_total_points,268.42105263157896
agreement_rate,0.8947368421052632
total_points_over_maximum,0.6710526315789473
round_agreements,[0.8947368421052632]
