stat_name,mean_value
player_0_total_points,267.02702702702703
player_1_total_points,267.02702702702703
agreement_rate,0.8918918918918919
total_points_over_maximum,0.6675675675675675
round_agreements,[0.8918918918918919]
