stat_name,mean_value
player_0_total_points,278.8888888888889
player_1_total_points,278.8888888888889
agreement_rate,0.9444444444444444
total_points_over_maximum,0.6972222222222222
round_agreements,[0.9444444444444444]
