stat_name,mean_value
player_0_total_points,263.1578947368421
player_1_total_points,263.1578947368421
agreement_rate,0.8947368421052632
total_points_over_maximum,0.6578947368421053
round_agreements,[0.8947368421052632]
