{
    "game_agreement_rate": 0.6829268285853658,
    "game_self_points": 4848.780487804878,
    "round_agreements": [
        0.6829268292682927
    ],
    "total_rounds": 1.0,
    "completed_rounds": 0.0
}