{
    "game_agreement_rate": 0.7560975602195121,
    "game_self_points": 5368.292682926829,
    "round_agreements": [
        0.7560975609756098
    ],
    "total_rounds": 1.0,
    "completed_rounds": 0.0
}