{
    "game_agreement_rate": 0.658536584707317,
    "game_self_points": 4675.609756097561,
    "round_agreements": [
        0.6585365853658537
    ],
    "total_rounds": 1.0,
    "completed_rounds": 0.0
}