stat_name,mean_value
player_0_total_points,267.43589743589746
player_1_total_points,267.43589743589746
agreement_rate,0.9230769230769231
total_points_over_maximum,0.6685897435897435
round_agreements,[0.9230769230769231]
