stat_name,mean_value
player_0_total_points,248.28571428571428
player_1_total_points,248.28571428571428
agreement_rate,0.8571428571428571
total_points_over_maximum,0.6207142857142858
round_agreements,[0.8571428571428571]
