stat_name,mean_value
player_0_total_points,283.2352941176471
player_1_total_points,283.2352941176471
agreement_rate,0.9705882352941176
total_points_over_maximum,0.7080882352941177
round_agreements,[0.9705882352941176]
