{
    "game_agreement_rate": 0.8292682918536582,
    "game_self_points": 5887.804878048781,
    "round_agreements": [
        0.8292682926829268
    ],
    "total_rounds": 1.0,
    "completed_rounds": 0.0
}