stat_name,mean_value
player_0_total_points,285.94594594594594
player_1_total_points,285.94594594594594
agreement_rate,0.972972972972973
total_points_over_maximum,0.7148648648648649
round_agreements,[0.972972972972973]
