stat_name,mean_value
player_0_total_points,288.2857142857143
player_1_total_points,288.2857142857143
agreement_rate,0.9714285714285714
total_points_over_maximum,0.7207142857142858
round_agreements,[0.9714285714285714]
