stat_name,mean_value
player_0_total_points,269.4117647058824
player_1_total_points,269.4117647058824
agreement_rate,0.8823529411764706
total_points_over_maximum,0.6735294117647059
round_agreements,[0.8823529411764706]
