{
    "game_agreement_rate": 0.9024390234878044,
    "game_self_points": 139.02439024390245,
    "round_agreements": [
        0.9024390243902439
    ],
    "total_rounds": 1.0,
    "completed_rounds": 0.0
}