stat_name,mean_value
player_0_total_points,228.1818181818182
player_1_total_points,228.1818181818182
agreement_rate,0.7575757575757576
total_points_over_maximum,0.5704545454545454
round_agreements,[0.7575757575757576]
