stat_name,mean_value
player_0_total_points,282.05882352941177
player_1_total_points,282.05882352941177
agreement_rate,0.9411764705882353
total_points_over_maximum,0.7051470588235295
round_agreements,[0.9411764705882353]
