stat_name,mean_value
player_0_total_points,262.85714285714283
player_1_total_points,262.85714285714283
agreement_rate,0.9142857142857143
total_points_over_maximum,0.6571428571428571
round_agreements,[0.9142857142857143]
