stat_name,mean_value
player_0_total_points,268.4848484848485
player_1_total_points,268.4848484848485
agreement_rate,0.9090909090909091
total_points_over_maximum,0.6712121212121213
round_agreements,[0.9090909090909091]
