stat_name,mean_value
player_0_total_points,269.09090909090907
player_1_total_points,269.09090909090907
agreement_rate,0.9090909090909091
total_points_over_maximum,0.6727272727272727
round_agreements,[0.9090909090909091]
