{
    "game_agreement_rate": 0.5853658530731707,
    "game_self_points": 94.39024390243902,
    "round_agreements": [
        0.5853658536585366
    ],
    "total_rounds": 1.0,
    "completed_rounds": 0.0
}