stat_name,mean_value
player_0_total_points,264.05405405405406
player_1_total_points,264.05405405405406
agreement_rate,0.8648648648648649
total_points_over_maximum,0.6601351351351351
round_agreements,[0.8648648648648649]
