{
    "game_agreement_rate": 0.39024390204878046,
    "game_self_points": 54.8780487804878,
    "round_agreements": [
        0.3902439024390244
    ],
    "total_rounds": 1.0,
    "completed_rounds": 0.0
}