{
    "game_agreement_rate": 0.39024390204878046,
    "game_self_points": 60.73170731707317,
    "round_agreements": [
        0.3902439024390244
    ],
    "total_rounds": 1.0,
    "completed_rounds": 0.0
}