{
    "game_agreement_rate": 0.7317073163414634,
    "game_self_points": 106.82926829268293,
    "round_agreements": [
        0.7317073170731707
    ],
    "total_rounds": 1.0,
    "completed_rounds": 0.0
}