{
    "game_agreement_rate": 0.9512195112439018,
    "game_self_points": 138.29268292682926,
    "round_agreements": [
        0.9512195121951219
    ],
    "total_rounds": 1.0,
    "completed_rounds": 0.0
}