stat_name,mean_value
player_0_total_points,270.27027027027026
player_1_total_points,270.27027027027026
agreement_rate,0.918918918918919
total_points_over_maximum,0.6756756756756757
round_agreements,[0.918918918918919]
