{
    "game_agreement_rate": 0.8780487796097557,
    "game_self_points": 122.6829268292683,
    "round_agreements": [
        0.8780487804878049
    ],
    "total_rounds": 1.0,
    "completed_rounds": 0.0
}