stat_name,mean_value
player_0_total_points,257.36842105263156
player_1_total_points,257.36842105263156
agreement_rate,0.868421052631579
total_points_over_maximum,0.6434210526315789
round_agreements,[0.868421052631579]
