{
    "game_agreement_rate": 0.8048780479756096,
    "game_self_points": 5714.634146341464,
    "round_agreements": [
        0.8048780487804879
    ],
    "total_rounds": 1.0,
    "completed_rounds": 0.0
}