{
    "game_agreement_rate": [
        0.274999999725,
        0.37499999962499997,
        0.3170731704146341,
        0.1999999998,
        0.39024390204878046,
        0.224999999775,
        0.3414634142926829,
        0.3658536581707317,
        0.37499999962499997,
        0.44999999955,
        0.5121951214390243,
        0.674999999325,
        0.524999999475,
        0.5121951214390243,
        0.5853658530731707,
        0.7560975602195121,
        0.8249999991749999,
        0.7317073163414634,
        0.7999999992,
        0.853658535731707,
        0.9999999989999991,
        0.853658535731707,
        0.9512195112439018,
        0.9499999990499994,
        0.926829267365853,
        0.926829267365853,
        0.9999999989999991,
        0.9499999990499994,
        0.9499999990499994,
        0.9024390234878044,
        0.9024390234878044,
        0.9999999989999993,
        0.9999999989999991,
        0.9756097551219505,
        0.926829267365853,
        0.9756097551219505,
        0.9512195112439018,
        0.8780487796097557,
        0.9512195112439018,
        0.9756097551219505
    ],
    "game_self_points": [
        45.0,
        56.0,
        46.09756097560975,
        31.25,
        54.8780487804878,
        35.25,
        49.75609756097561,
        56.09756097560975,
        48.25,
        69.0,
        76.34146341463415,
        105.5,
        84.75,
        81.21951219512195,
        94.39024390243902,
        113.41463414634147,
        123.75,
        98.78048780487805,
        122.75,
        121.95121951219512,
        146.09756097560975,
        128.29268292682926,
        141.9512195121951,
        144.25,
        142.9268292682927,
        140.73170731707316,
        140.0,
        144.0,
        145.0,
        142.1951219512195,
        139.02439024390245,
        139.0,
        137.3170731707317,
        145.609756097561,
        140.73170731707316,
        147.8048780487805,
        145.609756097561,
        122.6829268292683,
        146.09756097560975,
        144.8780487804878
    ],
    "round_agreements": [
        [
            0.275
        ],
        [
            0.375
        ],
        [
            0.3170731707317073
        ],
        [
            0.2
        ],
        [
            0.3902439024390244
        ],
        [
            0.225
        ],
        [
            0.34146341463414637
        ],
        [
            0.36585365853658536
        ],
        [
            0.375
        ],
        [
            0.45
        ],
        [
            0.5121951219512195
        ],
        [
            0.675
        ],
        [
            0.525
        ],
        [
            0.5121951219512195
        ],
        [
            0.5853658536585366
        ],
        [
            0.7560975609756098
        ],
        [
            0.825
        ],
        [
            0.7317073170731707
        ],
        [
            0.8
        ],
        [
            0.8536585365853658
        ],
        [
            1.0
        ],
        [
            0.8536585365853658
        ],
        [
            0.9512195121951219
        ],
        [
            0.95
        ],
        [
            0.926829268292683
        ],
        [
            0.926829268292683
        ],
        [
            1.0
        ],
        [
            0.95
        ],
        [
            0.95
        ],
        [
            0.9024390243902439
        ],
        [
            0.9024390243902439
        ],
        [
            1.0
        ],
        [
            1.0
        ],
        [
            0.975609756097561
        ],
        [
            0.926829268292683
        ],
        [
            0.975609756097561
        ],
        [
            0.9512195121951219
        ],
        [
            0.8780487804878049
        ],
        [
            0.9512195121951219
        ],
        [
            0.975609756097561
        ]
    ],
    "total_rounds": [
        1.0,
        1.0,
        1.0,
        1.0,
        1.0,
        1.0,
        1.0,
        1.0,
        1.0,
        1.0,
        1.0,
        1.0,
        1.0,
        1.0,
        1.0,
        1.0,
        1.0,
        1.0,
        1.0,
        1.0,
        1.0,
        1.0,
        1.0,
        1.0,
        1.0,
        1.0,
        1.0,
        1.0,
        1.0,
        1.0,
        1.0,
        1.0,
        1.0,
        1.0,
        1.0,
        1.0,
        1.0,
        1.0,
        1.0,
        1.0
    ],
    "completed_rounds": [
        0.0,
        0.0,
        0.0,
        0.0,
        0.0,
        0.0,
        0.0,
        0.0,
        0.0,
        0.0,
        0.0,
        0.0,
        0.0,
        0.0,
        0.0,
        0.0,
        0.0,
        0.0,
        0.0,
        0.0,
        0.0,
        0.0,
        0.0,
        0.0,
        0.0,
        0.0,
        0.0,
        0.0,
        0.0,
        0.0,
        0.0,
        0.0,
        0.0,
        0.0,
        0.0,
        0.0,
        0.0,
        0.0,
        0.0,
        0.0
    ]
}