{
    "game_agreement_rate": 0.3658536581707317,
    "game_self_points": 56.09756097560975,
    "round_agreements": [
        0.36585365853658536
    ],
    "total_rounds": 1.0,
    "completed_rounds": 0.0
}