{
    "game_agreement_rate": 0.3170731704146341,
    "game_self_points": 48.292682926829265,
    "round_agreements": [
        0.3170731707317073
    ],
    "total_rounds": 1.0,
    "completed_rounds": 0.0
}