{
    "game_agreement_rate": 0.9999999989999991,
    "game_self_points": 146.09756097560975,
    "round_agreements": [
        1.0
    ],
    "total_rounds": 1.0,
    "completed_rounds": 0.0
}