{
    "game_agreement_rate": 0.926829267365853,
    "game_self_points": 6580.487804878048,
    "round_agreements": [
        0.926829268292683
    ],
    "total_rounds": 1.0,
    "completed_rounds": 0.0
}