stat_name,mean_value
player_0_total_points,225.13513513513513
player_1_total_points,225.13513513513513
agreement_rate,0.7297297297297297
total_points_over_maximum,0.5628378378378378
round_agreements,[0.7297297297297297]
