{
    "game_agreement_rate": [
        0.624999999375,
        0.3170731704146341,
        0.5999999993999999,
        0.674999999325,
        0.54999999945,
        0.624999999375,
        0.524999999475,
        0.8292682918536582,
        0.7249999992749999,
        0.8292682918536582,
        0.8780487796097557,
        0.8749999991249997,
        0.8048780479756096,
        0.8780487796097557,
        0.8292682918536582,
        0.8749999991249997,
        0.658536584707317,
        0.7560975602195121,
        0.6829268285853658,
        0.8780487796097557,
        0.9499999990499994,
        0.8780487796097557,
        0.8292682918536582,
        0.926829267365853,
        0.9249999990749995,
        0.853658535731707,
        0.926829267365853,
        0.9024390234878044,
        0.9756097551219505,
        0.926829267365853,
        0.9249999990749995,
        0.9512195112439018
    ],
    "game_self_points": [
        4437.5,
        2251.2195121951218,
        4260.0,
        4792.5,
        3905.0,
        4437.5,
        3727.5,
        5887.804878048781,
        5147.5,
        5887.804878048781,
        6234.1463414634145,
        6212.5,
        5714.634146341464,
        6234.1463414634145,
        5887.804878048781,
        6212.5,
        4675.609756097561,
        5368.292682926829,
        4848.780487804878,
        6234.1463414634145,
        6745.0,
        6234.1463414634145,
        5887.804878048781,
        6580.487804878048,
        6567.5,
        6060.975609756098,
        6580.487804878048,
        6407.317073170731,
        6926.829268292683,
        6580.487804878048,
        6567.5,
        6753.658536585366
    ],
    "round_agreements": [
        [
            0.625
        ],
        [
            0.3170731707317073
        ],
        [
            0.6
        ],
        [
            0.675
        ],
        [
            0.55
        ],
        [
            0.625
        ],
        [
            0.525
        ],
        [
            0.8292682926829268
        ],
        [
            0.725
        ],
        [
            0.8292682926829268
        ],
        [
            0.8780487804878049
        ],
        [
            0.875
        ],
        [
            0.8048780487804879
        ],
        [
            0.8780487804878049
        ],
        [
            0.8292682926829268
        ],
        [
            0.875
        ],
        [
            0.6585365853658537
        ],
        [
            0.7560975609756098
        ],
        [
            0.6829268292682927
        ],
        [
            0.8780487804878049
        ],
        [
            0.95
        ],
        [
            0.8780487804878049
        ],
        [
            0.8292682926829268
        ],
        [
            0.926829268292683
        ],
        [
            0.925
        ],
        [
            0.8536585365853658
        ],
        [
            0.926829268292683
        ],
        [
            0.9024390243902439
        ],
        [
            0.975609756097561
        ],
        [
            0.926829268292683
        ],
        [
            0.925
        ],
        [
            0.9512195121951219
        ]
    ],
    "total_rounds": [
        1.0,
        1.0,
        1.0,
        1.0,
        1.0,
        1.0,
        1.0,
        1.0,
        1.0,
        1.0,
        1.0,
        1.0,
        1.0,
        1.0,
        1.0,
        1.0,
        1.0,
        1.0,
        1.0,
        1.0,
        1.0,
        1.0,
        1.0,
        1.0,
        1.0,
        1.0,
        1.0,
        1.0,
        1.0,
        1.0,
        1.0,
        1.0
    ],
    "completed_rounds": [
        0.0,
        0.0,
        0.0,
        0.0,
        0.0,
        0.0,
        0.0,
        0.0,
        0.0,
        0.0,
        0.0,
        0.0,
        0.0,
        0.0,
        0.0,
        0.0,
        0.0,
        0.0,
        0.0,
        0.0,
        0.0,
        0.0,
        0.0,
        0.0,
        0.0,
        0.0,
        0.0,
        0.0,
        0.0,
        0.0,
        0.0,
        0.0
    ]
}