stat_name,mean_value
player_0_total_points,273.84615384615387
player_1_total_points,273.84615384615387
agreement_rate,0.9487179487179487
total_points_over_maximum,0.6846153846153846
round_agreements,[0.9487179487179487]
