stat_name,mean_value
player_0_total_points,187.83783783783784
player_1_total_points,187.83783783783784
agreement_rate,0.6216216216216216
total_points_over_maximum,0.46959459459459457
round_agreements,[0.6216216216216216]
