stat_name,mean_value
player_0_total_points,251.76470588235293
player_1_total_points,251.76470588235293
agreement_rate,0.8529411764705882
total_points_over_maximum,0.6294117647058823
round_agreements,[0.8529411764705882]
