stat_name,mean_value
player_0_total_points,285.7142857142857
player_1_total_points,285.7142857142857
agreement_rate,0.9428571428571428
total_points_over_maximum,0.7142857142857143
round_agreements,[0.9428571428571428]
