stat_name,mean_value
player_0_total_points,283.2432432432432
player_1_total_points,283.2432432432432
agreement_rate,0.9459459459459459
total_points_over_maximum,0.7081081081081081
round_agreements,[0.9459459459459459]
