{
    "game_agreement_rate": 0.3414634142926829,
    "game_self_points": 49.75609756097561,
    "round_agreements": [
        0.34146341463414637
    ],
    "total_rounds": 1.0,
    "completed_rounds": 0.0
}