{
    "game_agreement_rate": 0.5121951214390243,
    "game_self_points": 80.73170731707317,
    "round_agreements": [
        0.5121951219512195
    ],
    "total_rounds": 1.0,
    "completed_rounds": 0.0
}