{
    "game_agreement_rate": [
        0.274999999725,
        0.37499999962499997,
        0.3170731704146341,
        0.1999999998,
        0.39024390204878046,
        0.224999999775,
        0.3414634142926829,
        0.3658536581707317,
        0.37499999962499997,
        0.44999999955,
        0.5121951214390243,
        0.674999999325,
        0.524999999475,
        0.5121951214390243,
        0.5853658530731707,
        0.7560975602195121,
        0.8249999991749999,
        0.7317073163414634,
        0.7999999992,
        0.853658535731707,
        0.9999999989999991,
        0.853658535731707,
        0.9512195112439018,
        0.9499999990499994,
        0.926829267365853,
        0.926829267365853,
        0.9999999989999991,
        0.9499999990499994,
        0.9499999990499994,
        0.9024390234878044,
        0.9024390234878044,
        0.9999999989999993,
        0.9999999989999991,
        0.9756097551219505,
        0.926829267365853,
        0.9756097551219505,
        0.9512195112439018,
        0.8780487796097557,
        0.9512195112439018,
        0.9756097551219505
    ],
    "game_self_points": [
        40.5,
        59.0,
        48.292682926829265,
        28.25,
        60.73170731707317,
        34.5,
        50.48780487804878,
        57.5609756097561,
        58.75,
        63.75,
        80.73170731707317,
        93.5,
        74.25,
        72.4390243902439,
        87.8048780487805,
        116.34146341463415,
        129.75,
        106.82926829268293,
        121.25,
        124.8780487804878,
        153.41463414634146,
        131.21951219512195,
        138.29268292682926,
        145.75,
        145.85365853658536,
        140.73170731707316,
        163.41463414634146,
        142.5,
        143.5,
        131.9512195121951,
        139.7560975609756,
        151.0,
        159.26829268292684,
        147.8048780487805,
        142.1951219512195,
        150.73170731707316,
        146.34146341463415,
        146.82926829268294,
        151.21951219512195,
        151.46341463414635
    ],
    "round_agreements": [
        [
            0.275
        ],
        [
            0.375
        ],
        [
            0.3170731707317073
        ],
        [
            0.2
        ],
        [
            0.3902439024390244
        ],
        [
            0.225
        ],
        [
            0.34146341463414637
        ],
        [
            0.36585365853658536
        ],
        [
            0.375
        ],
        [
            0.45
        ],
        [
            0.5121951219512195
        ],
        [
            0.675
        ],
        [
            0.525
        ],
        [
            0.5121951219512195
        ],
        [
            0.5853658536585366
        ],
        [
            0.7560975609756098
        ],
        [
            0.825
        ],
        [
            0.7317073170731707
        ],
        [
            0.8
        ],
        [
            0.8536585365853658
        ],
        [
            1.0
        ],
        [
            0.8536585365853658
        ],
        [
            0.9512195121951219
        ],
        [
            0.95
        ],
        [
            0.926829268292683
        ],
        [
            0.926829268292683
        ],
        [
            1.0
        ],
        [
            0.95
        ],
        [
            0.95
        ],
        [
            0.9024390243902439
        ],
        [
            0.9024390243902439
        ],
        [
            1.0
        ],
        [
            1.0
        ],
        [
            0.975609756097561
        ],
        [
            0.926829268292683
        ],
        [
            0.975609756097561
        ],
        [
            0.9512195121951219
        ],
        [
            0.8780487804878049
        ],
        [
            0.9512195121951219
        ],
        [
            0.975609756097561
        ]
    ],
    "total_rounds": [
        1.0,
        1.0,
        1.0,
        1.0,
        1.0,
        1.0,
        1.0,
        1.0,
        1.0,
        1.0,
        1.0,
        1.0,
        1.0,
        1.0,
        1.0,
        1.0,
        1.0,
        1.0,
        1.0,
        1.0,
        1.0,
        1.0,
        1.0,
        1.0,
        1.0,
        1.0,
        1.0,
        1.0,
        1.0,
        1.0,
        1.0,
        1.0,
        1.0,
        1.0,
        1.0,
        1.0,
        1.0,
        1.0,
        1.0,
        1.0
    ],
    "completed_rounds": [
        0.0,
        0.0,
        0.0,
        0.0,
        0.0,
        0.0,
        0.0,
        0.0,
        0.0,
        0.0,
        0.0,
        0.0,
        0.0,
        0.0,
        0.0,
        0.0,
        0.0,
        0.0,
        0.0,
        0.0,
        0.0,
        0.0,
        0.0,
        0.0,
        0.0,
        0.0,
        0.0,
        0.0,
        0.0,
        0.0,
        0.0,
        0.0,
        0.0,
        0.0,
        0.0,
        0.0,
        0.0,
        0.0,
        0.0,
        0.0
    ]
}